IMIĘ_PIERWSZE,PŁEĆ,LICZBA_WYSTĄPIEŃ
ZOFIA,KOBIETA,4415
ZUZANNA,KOBIETA,3881
MAJA,KOBIETA,3873
LAURA,KOBIETA,3821
HANNA,KOBIETA,3452
JULIA,KOBIETA,3207
OLIWIA,KOBIETA,3067
POLA,KOBIETA,2812
ALICJA,KOBIETA,2788
EMILIA,KOBIETA,2556
MARIA,KOBIETA,2536
AMELIA,KOBIETA,2523
ANTONINA,KOBIETA,2507
HELENA,KOBIETA,2493
LILIANA,KOBIETA,2408
MICHALINA,KOBIETA,2380
KLARA,KOBIETA,2352
MARCELINA,KOBIETA,2257
WIKTORIA,KOBIETA,1988
ŁUCJA,KOBIETA,1901
IGA,KOBIETA,1872
LENA,KOBIETA,1845
ROZALIA,KOBIETA,1814
GABRIELA,KOBIETA,1745
NELA,KOBIETA,1605
KORNELIA,KOBIETA,1595
LILIANNA,KOBIETA,1397
ALEKSANDRA,KOBIETA,1308
AURELIA,KOBIETA,1268
BLANKA,KOBIETA,1235
RÓŻA,KOBIETA,1196
ANIELA,KOBIETA,1187
JAGODA,KOBIETA,1152
ANNA,KOBIETA,1147
KAJA,KOBIETA,1147
NADIA,KOBIETA,1138
MIA,KOBIETA,1013
JAŚMINA,KOBIETA,964
ANASTAZJA,KOBIETA,928
NATALIA,KOBIETA,892
SARA,KOBIETA,867
MILENA,KOBIETA,838
NINA,KOBIETA,759
WERONIKA,KOBIETA,741
BARBARA,KOBIETA,735
MATYLDA,KOBIETA,713
LIWIA,KOBIETA,656
WANDA,KOBIETA,654
NIKOLA,KOBIETA,623
ELIZA,KOBIETA,614
ZOJA,KOBIETA,609
ADRIANNA,KOBIETA,558
MELANIA,KOBIETA,499
NEL,KOBIETA,496
MARIANNA,KOBIETA,486
GAJA,KOBIETA,477
KAROLINA,KOBIETA,472
APOLONIA,KOBIETA,468
SOFIA,KOBIETA,464
AGATA,KOBIETA,455
MARTYNA,KOBIETA,450
DIANA,KOBIETA,409
LIDIA,KOBIETA,402
MAGDALENA,KOBIETA,388
BIANKA,KOBIETA,386
STEFANIA,KOBIETA,385
FELICJA,KOBIETA,384
KINGA,KOBIETA,374
EWA,KOBIETA,356
IZABELA,KOBIETA,319
URSZULA,KOBIETA,305
KALINA,KOBIETA,299
IDA,KOBIETA,296
MALWINA,KOBIETA,289
JAGNA,KOBIETA,288
JOANNA,KOBIETA,286
EMMA,KOBIETA,279
DOMINIKA,KOBIETA,278
JADWIGA,KOBIETA,268
LUIZA,KOBIETA,264
MAŁGORZATA,KOBIETA,261
ADELINA,KOBIETA,250
RITA,KOBIETA,246
LILIA,KOBIETA,243
SOFIIA,KOBIETA,243
MARTA,KOBIETA,242
OLIVIA,KOBIETA,237
DARIA,KOBIETA,229
MILANA,KOBIETA,228
PAULINA,KOBIETA,223
ELENA,KOBIETA,222
KATARZYNA,KOBIETA,221
ADA,KOBIETA,205
CELINA,KOBIETA,203
ADELA,KOBIETA,201
EMILIIA,KOBIETA,200
KAMILA,KOBIETA,198
LARA,KOBIETA,193
AURORA,KOBIETA,192
NOEMI,KOBIETA,186
KLAUDIA,KOBIETA,166
LILA,KOBIETA,163
DOROTA,KOBIETA,161
LEA,KOBIETA,161
JANINA,KOBIETA,154
EVA,KOBIETA,147
GLORIA,KOBIETA,144
FLORENTYNA,KOBIETA,140
ALISA,KOBIETA,131
FRANCISZKA,KOBIETA,129
ZLATA,KOBIETA,126
PATRYCJA,KOBIETA,125
ALINA,KOBIETA,123
SOLOMIIA,KOBIETA,123
OLGA,KOBIETA,120
MELISA,KOBIETA,118
ESTERA,KOBIETA,97
MILA,KOBIETA,97
ELŻBIETA,KOBIETA,96
IRENA,KOBIETA,92
LIVIA,KOBIETA,92
MONIKA,KOBIETA,92
MARIKA,KOBIETA,91
FAUSTYNA,KOBIETA,90
MAYA,KOBIETA,90
YEVA,KOBIETA,90
KRYSTYNA,KOBIETA,89
POLINA,KOBIETA,89
TOLA,KOBIETA,89
MIIA,KOBIETA,88
MARLENA,KOBIETA,87
TERESA,KOBIETA,86
SANDRA,KOBIETA,83
CARMEN,KOBIETA,80
NIKOL,KOBIETA,79
JÓZEFINA,KOBIETA,78
KIRA,KOBIETA,77
AGNIESZKA,KOBIETA,76
JUSTYNA,KOBIETA,75
LUCYNA,KOBIETA,74
SOPHIA,KOBIETA,73
INGA,KOBIETA,72
EMILY,KOBIETA,71
OTYLIA,KOBIETA,71
AMANDA,KOBIETA,70
DAGMARA,KOBIETA,70
OLIVIIA,KOBIETA,70
EWELINA,KOBIETA,69
VIKTORIIA,KOBIETA,69
VICTORIA,KOBIETA,68
LUNA,KOBIETA,67
MICHELLE,KOBIETA,66
VANESSA,KOBIETA,66
EVELINA,KOBIETA,65
KONSTANCJA,KOBIETA,65
NICOLE,KOBIETA,65
STELLA,KOBIETA,65
VERONIKA,KOBIETA,65
MIRA,KOBIETA,63
JULIANNA,KOBIETA,62
ROKSANA,KOBIETA,60
ARIANA,KOBIETA,59
CECYLIA,KOBIETA,59
NAOMI,KOBIETA,59
ARIA,KOBIETA,58
DALIA,KOBIETA,58
SONIA,KOBIETA,58
ANITA,KOBIETA,57
ARINA,KOBIETA,57
JUDYTA,KOBIETA,56
INEZ,KOBIETA,55
JULITA,KOBIETA,55
MARIIA,KOBIETA,55
OKTAWIA,KOBIETA,55
MALINA,KOBIETA,52
INES,KOBIETA,51
LILY,KOBIETA,51
SABINA,KOBIETA,51
LEONIA,KOBIETA,49
KLEMENTYNA,KOBIETA,48
SOPHIE,KOBIETA,48
ADRIANA,KOBIETA,47
IDALIA,KOBIETA,47
DANUTA,KOBIETA,46
IZABELLA,KOBIETA,46
OFELIA,KOBIETA,45
LIA,KOBIETA,43
LETYCJA,KOBIETA,42
NELIA,KOBIETA,42
VIKTORIA,KOBIETA,42
NOELIA,KOBIETA,41
ZOYA,KOBIETA,41
ADEL,KOBIETA,40
JOWITA,KOBIETA,40
LEOKADIA,KOBIETA,40
ZOE,KOBIETA,40
CHARLOTTE,KOBIETA,39
MELISSA,KOBIETA,39
MIRIAM,KOBIETA,39
INKA,KOBIETA,38
KARINA,KOBIETA,38
OLIMPIA,KOBIETA,38
AMINA,KOBIETA,37
ANGELINA,KOBIETA,37
JANA,KOBIETA,37
OLEKSANDRA,KOBIETA,37
ROMA,KOBIETA,36
VARVARA,KOBIETA,36
SOFIJA,KOBIETA,35
WALERIA,KOBIETA,35
ANTONIA,KOBIETA,34
ELINA,KOBIETA,34
LAYLA,KOBIETA,34
MARCJANNA,KOBIETA,34
HIACYNTA,KOBIETA,33
MYROSLAVA,KOBIETA,33
NADZIEJA,KOBIETA,33
AMELIIA,KOBIETA,32
HONORATA,KOBIETA,32
LILI,KOBIETA,32
ELIANA,KOBIETA,31
NICOLA,KOBIETA,31
LAILA,KOBIETA,30
SYLWIA,KOBIETA,30
JASMINA,KOBIETA,29
LARYSA,KOBIETA,29
LEYLA,KOBIETA,29
ELEONORA,KOBIETA,28
ANASTASIIA,KOBIETA,27
BEATA,KOBIETA,27
DOBRAWA,KOBIETA,27
FLORA,KOBIETA,27
MISHEL,KOBIETA,27
VALERIA,KOBIETA,27
LILLY,KOBIETA,26
MARCELA,KOBIETA,26
SELENA,KOBIETA,26
KSENIA,KOBIETA,25
MIROSLAVA,KOBIETA,25
OLA,KOBIETA,25
GAIA,KOBIETA,24
KATERYNA,KOBIETA,24
ULIANA,KOBIETA,24
CLARA,KOBIETA,23
GABRIELLA,KOBIETA,23
BIANCA,KOBIETA,22
PAULA,KOBIETA,22
ANASTASIA,KOBIETA,21
ARIANNA,KOBIETA,21
DANIELA,KOBIETA,21
LEILA,KOBIETA,21
MIJA,KOBIETA,21
SOLOMIA,KOBIETA,21
ANETA,KOBIETA,20
DARYNA,KOBIETA,20
INA,KOBIETA,20
LIANA,KOBIETA,20
MARINA,KOBIETA,20
LUKRECJA,KOBIETA,19
MAGDA,KOBIETA,19
NATASZA,KOBIETA,19
NELLY,KOBIETA,19
NIKA,KOBIETA,19
VERA,KOBIETA,19
YANA,KOBIETA,19
ANGELIKA,KOBIETA,18
ANHELINA,KOBIETA,18
FREYA,KOBIETA,18
GRETA,KOBIETA,18
HALINA,KOBIETA,18
HANA,KOBIETA,18
KIARA,KOBIETA,18
MIRELLA,KOBIETA,18
MIROSŁAWA,KOBIETA,18
VIVIENNE,KOBIETA,18
WIOLETTA,KOBIETA,18
AMIRA,KOBIETA,17
BOGUMIŁA,KOBIETA,17
CHLOE,KOBIETA,17
ILONA,KOBIETA,17
LILLA,KOBIETA,17
MARIETTA,KOBIETA,17
NASTIA,KOBIETA,17
TAMARA,KOBIETA,17
YELYZAVETA,KOBIETA,17
YULIIA,KOBIETA,17
ADELE,KOBIETA,16
ALICIA,KOBIETA,16
ASTRID,KOBIETA,16
BELLA,KOBIETA,16
BOŻENA,KOBIETA,16
HANNAH,KOBIETA,16
MELANIIA,KOBIETA,16
MIYA,KOBIETA,16
STANISŁAWA,KOBIETA,16
VALERIIA,KOBIETA,16
VLADYSLAVA,KOBIETA,16
ABIGAIL,KOBIETA,15
ADELIA,KOBIETA,15
ALIA,KOBIETA,15
ELISA,KOBIETA,15
ELIZABETH,KOBIETA,15
ERIKA,KOBIETA,15
HALSZKA,KOBIETA,15
KAIA,KOBIETA,15
LISA,KOBIETA,15
SAMANTA,KOBIETA,15
ALEXANDRA,KOBIETA,14
ALMA,KOBIETA,14
BOGNA,KOBIETA,14
ELLA,KOBIETA,14
EMILI,KOBIETA,14
JASMIN,KOBIETA,14
JOLANTA,KOBIETA,14
KHRYSTYNA,KOBIETA,14
LUCIA,KOBIETA,14
MARITA,KOBIETA,14
NELL,KOBIETA,14
ROSALIA,KOBIETA,14
WANESSA,KOBIETA,14
AFINA,KOBIETA,13
ALICE,KOBIETA,13
EDYTA,KOBIETA,13
FLORIANNA,KOBIETA,13
GRACJA,KOBIETA,13
ISABELLA,KOBIETA,13
JASMINE,KOBIETA,13
LEIA,KOBIETA,13
MAIA,KOBIETA,13
MARYAM,KOBIETA,13
MATILDA,KOBIETA,13
SABRINA,KOBIETA,13
SOLOMIYA,KOBIETA,13
VERONICA,KOBIETA,13
AYLA,KOBIETA,12
BALBINA,KOBIETA,12
IRMINA,KOBIETA,12
LINA,KOBIETA,12
LIYA,KOBIETA,12
SARAH,KOBIETA,12
STEFANIIA,KOBIETA,12
YUSTYNA,KOBIETA,12
ANDŻELIKA,KOBIETA,11
KARMEN,KOBIETA,11
MARZENA,KOBIETA,11
MELODY,KOBIETA,11
RENATA,KOBIETA,11
TEIA,KOBIETA,11
VALENTINA,KOBIETA,11
VIOLETTA,KOBIETA,11
VIRA,KOBIETA,11
AMAYA,KOBIETA,10
AYA,KOBIETA,10
CELESTYNA,KOBIETA,10
DARIIA,KOBIETA,10
DOBROSŁAWA,KOBIETA,10
FLORENCJA,KOBIETA,10
HANIA,KOBIETA,10
LIIA,KOBIETA,10
LUCY,KOBIETA,10
MARHARYTA,KOBIETA,10
MIRABELLA,KOBIETA,10
ORIANA,KOBIETA,10
ROSA,KOBIETA,10
TEONA,KOBIETA,10
TULIA,KOBIETA,10
YASMINA,KOBIETA,10
ALIYA,KOBIETA,9
ARIELLA,KOBIETA,9
BOHDANA,KOBIETA,9
CIRILLA,KOBIETA,9
ESTER,KOBIETA,9
FILOMENA,KOBIETA,9
KAYLA,KOBIETA,9
MAIIA,KOBIETA,9
MARIAM,KOBIETA,9
NADIIA,KOBIETA,9
ROSE,KOBIETA,9
VIVIANA,KOBIETA,9
VIVIEN,KOBIETA,9
AIDA,KOBIETA,8
ANA,KOBIETA,8
ARYA,KOBIETA,8
AYLIN,KOBIETA,8
DAGNA,KOBIETA,8
ELIZAVETA,KOBIETA,8
FLAWIA,KOBIETA,8
JESSICA,KOBIETA,8
JOSEPHINE,KOBIETA,8
LANA,KOBIETA,8
MARGARITA,KOBIETA,8
SIMONA,KOBIETA,8
YEVHENIIA,KOBIETA,8
ZOSIA,KOBIETA,8
ZUZA,KOBIETA,8
ADELAJDA,KOBIETA,7
AISHA,KOBIETA,7
ARIADNA,KOBIETA,7
BIBIANA,KOBIETA,7
CATALEYA,KOBIETA,7
DANA,KOBIETA,7
DOBROMIŁA,KOBIETA,7
ELLIE,KOBIETA,7
ELWIRA,KOBIETA,7
FREJA,KOBIETA,7
GRAŻYNA,KOBIETA,7
IRYNA,KOBIETA,7
IVANNA,KOBIETA,7
KAMELIA,KOBIETA,7
KHÁNH VY,KOBIETA,7
KORA,KOBIETA,7
LETICIA,KOBIETA,7
LIJA,KOBIETA,7
LILIIA,KOBIETA,7
LIZA,KOBIETA,7
LUDWIKA,KOBIETA,7
MARYLA,KOBIETA,7
MIRELA,KOBIETA,7
NICOL,KOBIETA,7
PIA,KOBIETA,7
REGINA,KOBIETA,7
ROSALIE,KOBIETA,7
SELINA,KOBIETA,7
SOFIYA,KOBIETA,7
SOFÍA,KOBIETA,7
YARYNA,KOBIETA,7
ALYA,KOBIETA,6
AMALIA,KOBIETA,6
AMARA,KOBIETA,6
ARIELA,KOBIETA,6
ARLETA,KOBIETA,6
BLANCA,KOBIETA,6
BOGUSŁAWA,KOBIETA,6
DEBORA,KOBIETA,6
FATIMA,KOBIETA,6
GRACE,KOBIETA,6
ILIANA,KOBIETA,6
INAYA,KOBIETA,6
IVY,KOBIETA,6
KAMILLA,KOBIETA,6
KATALEJA,KOBIETA,6
KAYA,KOBIETA,6
KRISTINA,KOBIETA,6
MANUELA,KOBIETA,6
MELA,KOBIETA,6
MERYEM,KOBIETA,6
NALA,KOBIETA,6
NELLA,KOBIETA,6
NIKOLETTA,KOBIETA,6
NILA,KOBIETA,6
PAMELA,KOBIETA,6
REBEKA,KOBIETA,6
SALMA,KOBIETA,6
SAMIRA,KOBIETA,6
SYNTIA,KOBIETA,6
TATIANA,KOBIETA,6
TINA,KOBIETA,6
TOSIA,KOBIETA,6
WALENTYNA,KOBIETA,6
ŻANETA,KOBIETA,6
ALBINA,KOBIETA,5
AMBER,KOBIETA,5
ATHENA,KOBIETA,5
AURA,KOBIETA,5
AYSEL,KOBIETA,5
DAJANA,KOBIETA,5
ELVIRA,KOBIETA,5
EMANUELA,KOBIETA,5
FRIDA,KOBIETA,5
IWONA,KOBIETA,5
KSENIIA,KOBIETA,5
LUISA,KOBIETA,5
MAGNOLIA,KOBIETA,5
MALIKA,KOBIETA,5
MIKA,KOBIETA,5
MIŁOSŁAWA,KOBIETA,5
NASTAZJA,KOBIETA,5
NATALIE,KOBIETA,5
NORA,KOBIETA,5
ODETTA,KOBIETA,5
OLENA,KOBIETA,5
OTOLIA,KOBIETA,5
RACHELA,KOBIETA,5
RUTA,KOBIETA,5
TAISIIA,KOBIETA,5
TEJA,KOBIETA,5
TEREZA,KOBIETA,5
TIANA,KOBIETA,5
ULA,KOBIETA,5
VITALINA,KOBIETA,5
WIWIANA,KOBIETA,5
YAROSLAVA,KOBIETA,5
YESENIIA,KOBIETA,5
ZAHRA,KOBIETA,5
ZARA,KOBIETA,5
ZORIANA,KOBIETA,5
ZYTA,KOBIETA,5
ADELIIA,KOBIETA,4
ADELINE,KOBIETA,4
ALAYA,KOBIETA,4
ALORA,KOBIETA,4
AMY,KOBIETA,4
ANABELLA,KOBIETA,4
ANATOLA,KOBIETA,4
ANAYA,KOBIETA,4
ANIKA,KOBIETA,4
AUREA,KOBIETA,4
AZALIA,KOBIETA,4
BERNADETA,KOBIETA,4
BERNADETTA,KOBIETA,4
BRYGIDA,KOBIETA,4
CAMILLA,KOBIETA,4
CARLA,KOBIETA,4
CECILIA,KOBIETA,4
CELINE,KOBIETA,4
CHIARA,KOBIETA,4
DAIANA,KOBIETA,4
DARINA,KOBIETA,4
DĄBRÓWKA,KOBIETA,4
DOBROCHNA,KOBIETA,4
ELA,KOBIETA,4
ELIA,KOBIETA,4
ELISABETH,KOBIETA,4
ELODIE,KOBIETA,4
ELOISE,KOBIETA,4
EMI,KOBIETA,4
ERYKA,KOBIETA,4
EULALIA,KOBIETA,4
FELIKSA,KOBIETA,4
FLORENCE,KOBIETA,4
FRANCESCA,KOBIETA,4
FRANKA,KOBIETA,4
HOLLY,KOBIETA,4
IGNACJA,KOBIETA,4
ILARIIA,KOBIETA,4
IVANKA,KOBIETA,4
JANKA,KOBIETA,4
JAROSŁAWA,KOBIETA,4
JENNIFER,KOBIETA,4
JULIANA,KOBIETA,4
KAMA,KOBIETA,4
KARLA,KOBIETA,4
LEJLA,KOBIETA,4
LEONA,KOBIETA,4
LEONIE,KOBIETA,4
LEONTYNA,KOBIETA,4
LEYA,KOBIETA,4
LIANNA,KOBIETA,4
LILITH,KOBIETA,4
LILLI,KOBIETA,4
LILLIANA,KOBIETA,4
LINDA,KOBIETA,4
LUCJA,KOBIETA,4
LUDMIŁA,KOBIETA,4
MALIA,KOBIETA,4
MARGARYTA,KOBIETA,4
MICHAELA,KOBIETA,4
MILLA,KOBIETA,4
MIŁA,KOBIETA,4
MIRANDA,KOBIETA,4
NELI,KOBIETA,4
NIKOLE,KOBIETA,4
OKSANA,KOBIETA,4
OLESIA,KOBIETA,4
PALINA,KOBIETA,4
PELAGIA,KOBIETA,4
ROKSOLANA,KOBIETA,4
ROZANNA,KOBIETA,4
SCARLETT,KOBIETA,4
SELIN,KOBIETA,4
SIENNA,KOBIETA,4
SOFI,KOBIETA,4
SOFIE,KOBIETA,4
SOLOMIJA,KOBIETA,4
SUZANNE,KOBIETA,4
TAISIA,KOBIETA,4
TEYA,KOBIETA,4
VASYLYNA,KOBIETA,4
YASMINE,KOBIETA,4
YELIZAVETA,KOBIETA,4
ZOË,KOBIETA,4
ŻAKLINA,KOBIETA,4
AILIN,KOBIETA,3
ALANA,KOBIETA,3
ALARA,KOBIETA,3
ALESSIA,KOBIETA,3
ALEYNA,KOBIETA,3
ALISIIA,KOBIETA,3
ALIYAH,KOBIETA,3
AMAIA,KOBIETA,3
AMALIIA,KOBIETA,3
AMELIE,KOBIETA,3
AMÉLIE,KOBIETA,3
AN NHIEN,KOBIETA,3
ANABEL,KOBIETA,3
ANATOLIA,KOBIETA,3
ANELIIA,KOBIETA,3
ANGELA,KOBIETA,3
ANISA,KOBIETA,3
ANNABELLE,KOBIETA,3
ANNE,KOBIETA,3
ARLETTA,KOBIETA,3
ARMINA,KOBIETA,3
ASENA,KOBIETA,3
ATENA,KOBIETA,3
AVA,KOBIETA,3
AVRORA,KOBIETA,3
BERENIKA,KOBIETA,3
BIBIANNA,KOBIETA,3
BOGDANA,KOBIETA,3
BRONISŁAWA,KOBIETA,3
CAROLINE,KOBIETA,3
CORNELIA,KOBIETA,3
CYNTHIA,KOBIETA,3
CYNTIA,KOBIETA,3
DAISY,KOBIETA,3
DAYANA,KOBIETA,3
DELIA,KOBIETA,3
DENISA,KOBIETA,3
EKATERINA,KOBIETA,3
ELIS,KOBIETA,3
ELIZABET,KOBIETA,3
ELLEN,KOBIETA,3
ELLENA,KOBIETA,3
EMA,KOBIETA,3
EVANGELINA,KOBIETA,3
FELICIA,KOBIETA,3
FLORIA,KOBIETA,3
GRACJANA,KOBIETA,3
HELEN,KOBIETA,3
INESS,KOBIETA,3
ISABELLE,KOBIETA,3
ISLA,KOBIETA,3
JAGA,KOBIETA,3
KARMELIA,KOBIETA,3
KLAUDYNA,KOBIETA,3
KLEOPATRA,KOBIETA,3
LARISSA,KOBIETA,3
LEAH,KOBIETA,3
LETTY,KOBIETA,3
LILIAN,KOBIETA,3
LILIYA,KOBIETA,3
LOUISA,KOBIETA,3
MAEVE,KOBIETA,3
MAJKA,KOBIETA,3
MARIANA,KOBIETA,3
MARIE,KOBIETA,3
MARIJA,KOBIETA,3
MARIYA,KOBIETA,3
MARYANA,KOBIETA,3
MARYSIA,KOBIETA,3
MELANIE,KOBIETA,3
MELODIA,KOBIETA,3
MICHEL,KOBIETA,3
MIKAELA,KOBIETA,3
MILANIA,KOBIETA,3
MILEY,KOBIETA,3
MIŁOCHNA,KOBIETA,3
MINH ANH,KOBIETA,3
MINH CHÂU,KOBIETA,3
MIRABELL,KOBIETA,3
MIROSLAWA,KOBIETA,3
NAYLA,KOBIETA,3
OLHA,KOBIETA,3
POLIANA,KOBIETA,3
RACHEL,KOBIETA,3
REBECA,KOBIETA,3
REBECCA,KOBIETA,3
RIVA,KOBIETA,3
RONJA,KOBIETA,3
RUBY,KOBIETA,3
RUSLANA,KOBIETA,3
RUT,KOBIETA,3
SALOME,KOBIETA,3
SALOMEA,KOBIETA,3
SAMARA,KOBIETA,3
SENA,KOBIETA,3
SERAFINA,KOBIETA,3
SORAYA,KOBIETA,3
STEPHANIE,KOBIETA,3
TAIA,KOBIETA,3
TALIA,KOBIETA,3
TEKLA,KOBIETA,3
TELIMENA,KOBIETA,3
TESSA,KOBIETA,3
THEA,KOBIETA,3
TIFFANY,KOBIETA,3
TOMIŁA,KOBIETA,3
ULYANA,KOBIETA,3
VALENTYNA,KOBIETA,3
VALERIYA,KOBIETA,3
VIOLET,KOBIETA,3
VIVIAN,KOBIETA,3
VLADA,KOBIETA,3
VLADISLAVA,KOBIETA,3
WIKTORIIA,KOBIETA,3
YASEMIN,KOBIETA,3
YESENIA,KOBIETA,3
ZARINA,KOBIETA,3
ZELIA,KOBIETA,3
ZEYNEP,KOBIETA,3
ZLATOSLAVA,KOBIETA,3
ZOEY,KOBIETA,3
ZURI,KOBIETA,3
ŻYWIA,KOBIETA,3
AARVI,KOBIETA,2
AFRODYTA,KOBIETA,2
AGATHA,KOBIETA,2
AGNES,KOBIETA,2
AILEEN,KOBIETA,2
AISZA,KOBIETA,2
ALAIA,KOBIETA,2
ALENA,KOBIETA,2
ALESIA,KOBIETA,2
ALEXIA,KOBIETA,2
ALISHA,KOBIETA,2
ALISIA,KOBIETA,2
ALISSA,KOBIETA,2
AMARACHI,KOBIETA,2
AMELI,KOBIETA,2
AN VY,KOBIETA,2
ANAIS,KOBIETA,2
ANDREEA,KOBIETA,2
ANNIE,KOBIETA,2
ANVI,KOBIETA,2
ANYA,KOBIETA,2
APOLINA,KOBIETA,2
APOLLONIA,KOBIETA,2
ARIIA,KOBIETA,2
ARWENA,KOBIETA,2
ARYNA,KOBIETA,2
ASIYA,KOBIETA,2
ASYA,KOBIETA,2
ATIYA,KOBIETA,2
AYAH,KOBIETA,2
AYRA,KOBIETA,2
BEATRICE,KOBIETA,2
BOZHENA,KOBIETA,2
CAMELLIA,KOBIETA,2
CAMILA,KOBIETA,2
CAMILLE,KOBIETA,2
CARMELA,KOBIETA,2
CAROLINA,KOBIETA,2
CATHERINE,KOBIETA,2
CÉLINE,KOBIETA,2
CHIZARAM,KOBIETA,2
CHRISTINA,KOBIETA,2
CLAIRE,KOBIETA,2
CORA,KOBIETA,2
CRYSTAL,KOBIETA,2
DALIANA,KOBIETA,2
DAMIRA,KOBIETA,2
DAPHNE,KOBIETA,2
DARYA,KOBIETA,2
DELFINA,KOBIETA,2
DILARA,KOBIETA,2
DOMINICA,KOBIETA,2
DUA,KOBIETA,2
DZHANSU,KOBIETA,2
ELEANOR,KOBIETA,2
ELENI,KOBIETA,2
ELIANNA,KOBIETA,2
ELIF,KOBIETA,2
ELIN,KOBIETA,2
ELLI,KOBIETA,2
ELMIRA,KOBIETA,2
ELSA,KOBIETA,2
ELZA,KOBIETA,2
EMILIE,KOBIETA,2
EMILIJA,KOBIETA,2
ESMA,KOBIETA,2
ESMERALDA,KOBIETA,2
ESTELLA,KOBIETA,2
EUFEMIA,KOBIETA,2
EUFROZYNA,KOBIETA,2
FAITH,KOBIETA,2
FIORA,KOBIETA,2
FLAVIA,KOBIETA,2
FLORENTINA,KOBIETA,2
GAÏA,KOBIETA,2
GABI,KOBIETA,2
GEORGINA,KOBIETA,2
HÀ MY,KOBIETA,2
HALIMA,KOBIETA,2
HAYAT,KOBIETA,2
HENRYKA,KOBIETA,2
HILDA,KOBIETA,2
HOPE,KOBIETA,2
IOANNA,KOBIETA,2
IRIS,KOBIETA,2
ISABELA,KOBIETA,2
ISHANI,KOBIETA,2
IZA,KOBIETA,2
JOSEFINE,KOBIETA,2
JULIE,KOBIETA,2
JULIETTA,KOBIETA,2
KAJLA,KOBIETA,2
KARMENA,KOBIETA,2
KATALEYA,KOBIETA,2
KATALINA,KOBIETA,2
KATIA,KOBIETA,2
KEHLANI,KOBIETA,2
KESJA,KOBIETA,2
KEYLA,KOBIETA,2
KHANH VY,KOBIETA,2
KLÁRA,KOBIETA,2
KSYMENA,KOBIETA,2
KYLIE,KOBIETA,2
LALE,KOBIETA,2
LARISA,KOBIETA,2
LATIKA,KOBIETA,2
LATOJA,KOBIETA,2
LAURENCJA,KOBIETA,2
LAVINIA,KOBIETA,2
LAYAN,KOBIETA,2
LELIA,KOBIETA,2
LENKA,KOBIETA,2
LEONORA,KOBIETA,2
LERA,KOBIETA,2
LILIEN,KOBIETA,2
LILIT,KOBIETA,2
LILOU,KOBIETA,2
LILU,KOBIETA,2
LIVIANA,KOBIETA,2
LIVIIA,KOBIETA,2
LIYANA,KOBIETA,2
LIZI,KOBIETA,2
LÍA,KOBIETA,2
LOUISE,KOBIETA,2
LYANNA,KOBIETA,2
LYDIA,KOBIETA,2
LYLA,KOBIETA,2
MADLEN,KOBIETA,2
MAHIRA,KOBIETA,2
MARA,KOBIETA,2
MARGO,KOBIETA,2
MARIAMI,KOBIETA,2
MARIOLA,KOBIETA,2
MARTINA,KOBIETA,2
MASAL,KOBIETA,2
MATHILDA,KOBIETA,2
MAURA,KOBIETA,2
MAXINE,KOBIETA,2
MAYAH,KOBIETA,2
MAYRA,KOBIETA,2
MAYSA,KOBIETA,2
MEDINE,KOBIETA,2
MEGAN,KOBIETA,2
MELİSA,KOBIETA,2
MILIANA,KOBIETA,2
MILLIE,KOBIETA,2
MIŁKA,KOBIETA,2
MIRABEL,KOBIETA,2
MIRAL,KOBIETA,2
MIRASLAVA,KOBIETA,2
MIRAY,KOBIETA,2
MIRHA,KOBIETA,2
MISZEL,KOBIETA,2
MOLLY,KOBIETA,2
MONICA,KOBIETA,2
MYLA,KOBIETA,2
MYROSLAWA,KOBIETA,2
NAIA,KOBIETA,2
NAILA,KOBIETA,2
NANA,KOBIETA,2
NATALIIA,KOBIETA,2
NATASHA,KOBIETA,2
NAYA,KOBIETA,2
NEFELI,KOBIETA,2
NELLIE,KOBIETA,2
NGOC MINH CHAU,KOBIETA,2
NIA,KOBIETA,2
NICOLETTA,KOBIETA,2
NOA,KOBIETA,2
NOLA,KOBIETA,2
NOUR,KOBIETA,2
ODA,KOBIETA,2
ODETTE,KOBIETA,2
OLIVIYA,KOBIETA,2
OLIWIIA,KOBIETA,2
OLUWATOYIN,KOBIETA,2
OLYMPIA,KOBIETA,2
ORYSIA,KOBIETA,2
PENELOPE,KOBIETA,2
PETRA,KOBIETA,2
PHƯƠNG NHI,KOBIETA,2
POLIANNA,KOBIETA,2
RADA,KOBIETA,2
RAISA,KOBIETA,2
RAMONA,KOBIETA,2
RANIA,KOBIETA,2
RAYA,KOBIETA,2
RAYANA,KOBIETA,2
REHMAT,KOBIETA,2
ROSEMARIE,KOBIETA,2
ROSIE,KOBIETA,2
RUTH,KOBIETA,2
SAFIYA,KOBIETA,2
SAGE,KOBIETA,2
SAIDA,KOBIETA,2
SALOMÉ,KOBIETA,2
SAMANTHA,KOBIETA,2
SANTANA,KOBIETA,2
SANTIA,KOBIETA,2
SANVI,KOBIETA,2
SARANG,KOBIETA,2
SERAFIMA,KOBIETA,2
SEYRAN,KOBIETA,2
SIA,KOBIETA,2
SILA,KOBIETA,2
SILVIA,KOBIETA,2
SIMELA,KOBIETA,2
SŁAWA,KOBIETA,2
SULAMITA,KOBIETA,2
SUMAYA,KOBIETA,2
SUSANNA,KOBIETA,2
SUZAN,KOBIETA,2
TAISIYA,KOBIETA,2
TALA,KOBIETA,2
TEODORA,KOBIETA,2
ULJANA,KOBIETA,2
UMAY,KOBIETA,2
USTYNA,KOBIETA,2
VALENCIA,KOBIETA,2
VALERIE,KOBIETA,2
VANESA,KOBIETA,2
VASILISA,KOBIETA,2
VASYLISA,KOBIETA,2
VIOLETA,KOBIETA,2
VITA,KOBIETA,2
WANESA,KOBIETA,2
WIERA,KOBIETA,2
WINCENTYNA,KOBIETA,2
WISENNA,KOBIETA,2
YASMIN,KOBIETA,2
YEVHENIYA,KOBIETA,2
ZARIA,KOBIETA,2
ZELDA,KOBIETA,2
ZUNAIRAH,KOBIETA,2
